Updated on Sat Nov 29 18:23:53 UTC 2025
Updated on Sun Nov 30 03:53:37 UTC 2025
Updated on Mon Dec  1 04:07:03 UTC 2025
Updated on Tue Dec  2 03:47:36 UTC 2025
Updated on Wed Dec  3 03:46:11 UTC 2025
Updated on Thu Dec  4 03:48:10 UTC 2025
Updated on Fri Dec  5 03:47:04 UTC 2025
Updated on Sat Dec  6 03:37:56 UTC 2025
Updated on Sun Dec  7 03:53:45 UTC 2025
Updated on Mon Dec  8 03:51:27 UTC 2025
Updated on Tue Dec  9 03:46:18 UTC 2025
Updated on Wed Dec 10 03:51:54 UTC 2025
Updated on Thu Dec 11 03:53:44 UTC 2025
